TARGET	CHROM	POS	REF	ALT	1848291	1848293	1848279
Conditions_Friesian_1	1	1649169	A	C,G,T	A/A	A/A	A/A
Conditions_Friesian_2	1	1654405	G	A,C,T	G/G	.	.
Conditions_Friesian_3	1	1655463	C	A,G,T	C/C	C/C	C/C
Condition_Celtic_Orginal_loci	1	1705840	A	C,G,T	A/A	A/A	A/A
Conditions_Friesian_4	1	1768587	C	A,G,T	C/C	C/C	C/C
Conditions_Friesian_5	1	1909397	G	A,C,T	G/G	G/G	G/G
ARS-USMARC-PARENT-DQ381153-RS29012842	1	3249057	G	A,C,T	G/G	G/T	G/T
BTB-01728863	1	5179453	T	A,C,G	C/C	T/C	C/C
BTA-35637-NO-RS	1	5610335	C	A,G,T	C/C	C/C	C/C
ARS-BFGL-BAC-27364	1	8437530	T	A,C,G	T/T	T/T	T/T
HAPMAP52559-RS29015773	1	8998063	T	A,C,G	T/T	T/T	T/T
ARS-BFGL-NGS-118398	1	9019409	A	C,G,T	A/A	A/A	A/A
ARS-BFGL-NGS-113570	1	9601018	C	A,G,T	T/T	T/T	T/T
HAPMAP50048-BTA-59263	1	27465349	C	A,G,T	C/C	C/T	C/T
BTB-00012128	1	28599381	A	C,G,T	A/C	A/C	A/C
ARS-USMARC-PARENT-DQ451555-RS29010795	1	29524658	A	C,G,T	A/A	A/G	.
ARS-BFGL-NGS-86662	1	40206017	G	A,C,T	G/G	G/G	G/G
BTB-00468476	1	46675519	G	A,C,T	T/T	T/T	T/T
BTB-01146838	1	48802718	C	A,G,T	T/T	T/T	T/T
BTB-01077379	1	49279500	A	C,G,T	G/G	A/G	G/G
HAPMAP38147-BTA-25404	1	57660748	G	A,C,T	G/G	G/T	G/G
ARS-USMARC-PARENT-DQ404150-RS29012530	1	59409838	G	A,C,T	T/T	T/T	T/T
HAPMAP48717-BTA-31633	1	59971879	A	C,G,T	G/G	G/G	G/G
BTA-23353-NO-RS	1	60787763	A	C,G,T	A/A	A/C	A/A
BTB-02006134	1	61357379	A	C,G,T	G/G	G/G	G/G
ARS-BFGL-NGS-40229	1	62184184	A	C,G,T	G/G	G/G	G/G
BTB-01285245	1	63277846	T	A,C,G	T/C	C/C	C/C
HAPMAP49061-BTA-122268	1	63742577	T	A,C,G	T/T	T/T	T/T
HAPMAP39375-BTA-112108	1	78449548	C	A,G,T	A/A	A/A	A/A
ARS-BFGL-NGS-119431	1	78986953	T	A,C,G	C/C	C/C	C/C
Hapmap49586-BTA-36632	1	79700956	A	C,G,T	G/G	G/G	G/G
ARS-BFGL-NGS-19741	1	80548510	C	A,G,T	T/T	T/T	T/T
ARS-BFGL-NGS-4047	1	84614199	C	A,G,T	C/C	C/C	C/C
BTB-01086841	1	94882093	G	A,C,T	G/G	.	.
ARS-USMARC-PARENT-DQ404149-NO-RS	1	99314925	T	A,C,G	C/C	C/C	C/C
HAPMAP39712-BTA-109811	1	101583260	A	C,G,T	C/C	A/C	C/C
BTA-46150-NO-RS	1	102792723	G	A,C,T	G/G	.	.
ARS-BFGL-NGS-76111	1	103219606	A	C,G,T	A/A	A/G	A/G
ARS-BFGL-NGS-32083	1	109099488	A	C,G,T	G/G	G/G	G/G
ARS-BFGL-NGS-104897	1	112863292	T	A,C,G	T/G	T/G	T/G
BTB-01057979	1	114085424	T	A,C,G	C/C	T/C	.
BTA-108007-no-rs	1	116419981	C	A,G,T	A/A	.	A/A
BTB-00052125	1	120479376	G	A,C,T	G/G	G/G	G/G
BTA-49375-NO-RS	1	121363361	T	A,C,G	C/C	C/C	C/C
ARS-USMARC-PARENT-AY761135-RS29003723	1	127426647	A	C,G,T	A/A	A/T	A/A
ARS-BFGL-NGS-118073	1	128471733	A	C,G,T	G/G	G/G	G/G
ARS-BFGL-NGS-117553	1	131326810	C	A,G,T	C/C	T/T	C/T
BTB-00061242	1	133323967	A	C,G,T	A/A	A/A	A/A
BTB-01287574	1	133671941	C	A,G,T	T/T	T/T	T/T
ARS-USMARC-PARENT-AY943841-RS17871566	1	138583183	A	C,G,T	A/G	A/A	A/G
BTA-122684-NO-RS	1	139231307	T	A,C,G	C/C	T/C	T/C
HAPMAP57299-SS46527085	1	145059132	C	A,G,T	T/T	T/T	T/T
ARS-BFGL-NGS-67754	1	148816004	C	A,G,T	C/C	C/C	C/C
ARS-USMARC-PARENT-DQ404151-RS29019282	1	151349514	T	A,C,G	T/T	T/T	T/T
HAPMAP43297-BTA-57357	1	152189521	A	C,G,T	G/G	G/G	G/G
HAPMAP44395-BTA-64864	1	153919758	C	A,G,T	C/T	C/C	C/T
BTB-00076466	1	158161585	A	C,G,T	A/G	A/G	A/G
ARS-BFGL-NGS-103086	2	2858436	T	A,C,G	C/C	C/C	C/C
ARS-BFGL-NGS-60640	2	3242217	G	A,C,T	G/A	G/A	G/G
HAPMAP54320-RS29012920	2	5037866	T	A,C,G	T/T	T/T	T/T
ARS-USMARC-PARENT-DQ404152-RS29022245	2	5306838	C	A,G,T	C/C	C/C	C/C
ARS-BFGL-NGS-39978	2	5757355	G	A,C,T	G/A	G/A	G/G
BTB-00079213	2	8476975	G	A,C,T	G/G	G/G	G/G
ARS-BFGL-BAC-35552	2	12823369	T	A,C,G	T/C	C/C	.
ARS-BFGL-BAC-32404	2	13343685	A	C,G,T	A/A	A/A	A/A
HAPMAP59876-RS29018046	2	13853729	G	A,C,T	G/A	A/A	G/A
ARS-BFGL-NGS-89098	2	13901492	T	A,C,G	T/T	T/T	T/T
HAPMAP54766-RS29012658	2	14451633	T	A,C,G	C/C	C/C	.
BTB-00082871	2	20699862	C	A,G,T	C/C	.	.
ARS-BFGL-BAC-30348	2	22151093	C	A,G,T	C/T	T/T	T/T
ARS-USMARC-PARENT-AY776154-NO-RS	2	26997623	G	A,C,T	A/A	G/G	G/A
ARS-BFGL-BAC-29664	2	30635269	A	C,G,T	.	G/G	G/G
BTB-00089384	2	35264900	A	C,G,T	G/G	G/G	G/G
HAPMAP58509-RS29024139	2	37635484	C	A,G,T	C/C	C/C	C/C
ARS-BFGL-NGS-57870	2	37813654	A	C,G,T	A/A	A/A	A/A
BTA-114831-NO-RS	2	39709004	T	A,C,G	C/C	T/C	C/C
HAPMAP46653-BTA-47447	2	41938704	T	A,C,G	A/A	A/A	A/G
BTA-19852-NO-RS	2	42986890	C	A,G,T	C/T	C/C	.
ARS-USMARC-PARENT-AY841151-RS29003466	2	45832887	T	A,C,G	T/G	G/G	G/G
HAPMAP44545-BTA-47658	2	52339443	C	A,G,T	C/C	C/C	.
BTB-00098773	2	52497009	G	A,C,T	A/A	G/A	A/A
BTB-01294230	2	55038193	C	A,G,T	C/T	T/T	C/C
BTB-01753605	2	55729126	G	A,C,T	A/A	A/A	A/A
HAPMAP51412-BTA-16926	2	59690093	G	A,C,T	A/A	A/A	A/A
Hapmap44202-BTA-115270	2	62367003	A	C,G,T	A/G	A/G	G/G
ARS-BFGL-NGS-72192	2	65044427	C	A,G,T	T/T	.	.
HAPMAP51598-BTA-47943	2	65700940	A	C,G,T	A/G	A/A	.
ARS-BFGL-NGS-118876	2	66585600	C	A,G,T	C/C	C/C	C/C
ARS-BFGL-NGS-118138	2	67292723	C	A,G,T	C/C	C/C	C/C
HAPMAP35220-BES9_CONTIG365_495	2	70895063	G	A,C,T	G/G	G/G	G/G
UA-IFASA-4619	2	76309053	T	A,C,G	T/T	T/T	T/T
HAPMAP33049-BTA-153946	2	79320427	G	A,C,T	G/A	.	A/A
HAPMAP42104-BTA-121232	2	81159639	G	A,C,T	G/A	G/A	G/G
HAPMAP49925-BTA-24427	2	86704498	G	A,C,T	A/A	G/A	A/A
ARS-BFGL-NGS-40189	2	89008935	C	A,G,T	T/T	T/T	T/T
ARS-BFGL-NGS-15250	2	89845085	G	A,C,T	G/A	G/G	G/G
HAPMAP52627-RS29014567	2	100273809	G	A,C,T	G/G	G/G	G/G
ARS-BFGL-NGS-35963	2	105193025	A	C,G,T	A/C	C/C	C/C
ARS-USMARC-PARENT-DQ786757-RS29019900	2	111155237	C	A,G,T	C/T	C/C	C/C
HAPMAP35744-SCAFFOLD60587_8279	2	111361143	G	A,C,T	T/T	T/T	T/T
UA-IFASA-8833	2	116087072	A	C,G,T	A/G	G/G	A/G
ARS-BFGL-NGS-67146	2	118773633	A	C,G,T	A/G	G/G	G/G
ARS-BFGL-NGS-15508	2	119595498	T	A,C,G	T/C	T/C	T/T
HAPMAP43869-BTA-49512	2	120301651	C	A,G,T	T/T	T/T	T/T
Hapmap53350-ss46526471	2	125653839	T	A,C,G	C/C	T/C	T/T
ARS-BFGL-NGS-33709	2	130187033	G	A,C,T	A/A	A/A	A/A
ARS-BFGL-NGS-67260	2	135190642	T	A,C,G	C/C	T/C	T/C
ARS-BFGL-NGS-116761	2	136483623	C	A,G,T	C/C	.	C/C
ARS-USMARC-Parent-DQ422950-rs29012306	3	3129167	T	A,C,G	T/T	T/T	T/T
ARS-BFGL-NGS-17527	3	4279731	G	A,C,T	G/G	G/A	G/G
ARS-BFGL-NGS-27948	3	10000411	T	A,C,G	T/T	T/T	T/T
ARS-BFGL-NGS-38423	3	12709854	A	C,G,T	.	.	.
HAPMAP43906-BTA-66658	3	14273135	A	C,G,T	G/G	G/G	G/G
ARS-BFGL-NGS-34169	3	19309220	A	C,G,T	G/G	G/G	G/G
ARS-USMARC-PARENT-DQ647187-RS29010510	3	21146877	G	A,C,T	G/A	G/A	G/A
ARS-BFGL-NGS-99338	3	21869985	G	A,C,T	A/A	G/G	A/A
ARS-BFGL-NGS-105811	3	22706379	G	A,C,T	G/G	G/G	.
ARS-BFGL-NGS-45686	3	26031815	C	A,G,T	T/T	C/T	C/T
ARS-BFGL-NGS-117241	3	28144691	A	C,G,T	G/G	G/G	G/G
ARS-BFGL-NGS-111118	3	32077291	G	A,C,T	G/A	A/A	G/A
ARS-BFGL-NGS-117870	3	33332678	A	C,G,T	A/A	A/A	A/A
BTA-99693-no-rs	3	39522643	T	A,C,G	T/T	T/T	T/T
ARS-USMARC-PARENT-AY842472-RS29001941	3	40399136	C	A,G,T	G/G	G/G	G/G
BTA-100337-NO-RS	3	41371572	G	A,C,T	G/G	G/G	G/G
ARS-BFGL-NGS-113910	3	43939238	C	A,G,T	A/A	C/A	A/A
ARS-BFGL-NGS-57417	3	43975868	T	A,C,G	C/C	T/C	C/C
HAPMAP43908-BTA-67758	3	44959256	T	A,C,G	C/C	T/C	.
ARS-USMARC-PARENT-AY842473-RS29001956	3	49703647	T	A,C,G	T/T	T/T	T/T
ARS-BFGL-NGS-34393	3	50673505	T	A,C,G	T/T	T/C	T/T
ARS-USMARC-PARENT-AY842474-RS29003226	3	51976646	C	A,G,T	C/G	C/G	C/G
ARS-USMARC-PARENT-DQ435443-RS29010802	3	58040470	G	A,C,T	G/G	G/G	G/G
INRA-638	3	62004226	T	A,C,G	T/T	T/T	T/T
BTB-01097609	3	68271435	T	A,C,G	C/C	C/C	C/C
HAPMAP40508-BTA-21513	3	73035441	G	A,C,T	G/A	G/G	G/A
HAPMAP32799-BTA-132450	3	73549770	T	A,C,G	T/T	T/T	T/T
ARS-BFGL-NGS-2215	3	84693517	G	A,C,T	G/A	A/A	A/A
ARS-BFGL-NGS-103524	3	85253155	T	A,C,G	T/T	G/G	T/G
ARS-BFGL-NGS-58066	3	92986164	G	A,C,T	A/A	A/A	A/A
BTA-68995-NO-RS	3	97793166	A	C,G,T	T/T	T/T	T/T
ARS-USMARC-PARENT-DQ489377-RS29026932	3	98188384	T	A,C,G	T/T	T/T	T/T
Hapmap39765-BTA-62582	3	99317016	C	A,G,T	C/C	C/C	C/C
ARS-BFGL-NGS-118597	3	103268281	C	A,G,T	C/T	C/T	C/T
ARS-BFGL-NGS-114028	3	105173273	A	C,G,T	G/G	G/G	G/G
BTB-01626709	3	113907407	T	A,C,G	.	.	.
ARS-BFGL-NGS-116451	3	114252911	T	A,C,G	G/G	G/G	G/G
ARS-USMARC-PARENT-DQ839235-RS29012691	3	116448759	G	A,C,T	G/G	G/G	G/G
HAPMAP46717-BTA-69803	3	118167062	A	C,G,T	A/G	A/A	A/A
ARS-BFGL-NGS-20403	3	119000177	C	A,G,T	C/A	C/C	C/A
BTB-01902057	4	6604523	G	A,C,T	A/A	A/A	A/A
HAPMAP39425-BTA-70290	4	10737673	G	A,C,T	G/G	G/G	G/G
ARS-USMARC-PARENT-DQ647186-RS29014143	4	17200594	C	A,G,T	T/T	T/T	T/T
ARS-USMARC-PARENT-AY842475-RS29002127	4	20181749	T	A,C,G	C/C	C/C	C/C
BTB-01478115	4	42103377	C	A,G,T	T/T	C/T	C/T
BTA-82216-no-rs	4	52308430	T	A,C,G	T/T	T/T	T/T
BTB-00188171	4	57787437	T	A,C,G	T/T	C/C	T/C
HAPMAP42648-BTA-71195	4	71061224	A	C,G,T	G/G	A/A	A/G
HAPMAP49452-BTA-112834	4	72987997	G	A,C,T	G/A	G/G	G/A
ARS-BFGL-NGS-58613	4	78609385	T	A,C,G	T/T	T/C	T/C
ARS-USMARC-Parent-DQ485413-no-rs	4	94176209	G	A,C,T	G/G	G/G	G/G
ARS-BFGL-NGS-35219	4	106885171	G	A,C,T	G/G	G/G	G/G
HAPMAP54547-RS29012198	4	110776624	G	A,C,T	G/A	G/A	G/G
BTB-01498887	5	97111	C	A,G,T	C/C	C/C	C/C
ARS-USMARC-PARENT-DQ470475-NO-RS	5	7651053	A	C,G,T	T/T	T/T	T/T
ARS-BFGL-NGS-81155	5	13271489	C	A,G,T	C/A	A/A	.
HAPMAP33479-BTA-137049	5	15224660	T	A,C,G	T/T	T/C	T/C
HAPMAP44400-BTA-72792	5	15696963	A	C,G,T	A/G	A/A	.
ARS-BFGL-NGS-51490	5	16522966	G	A,C,T	C/C	C/C	C/C
BTA-89424-NO-RS	5	16666769	G	A,C,T	G/G	A/A	G/A
ARS-BFGL-NGS-23961	5	25995476	G	A,C,T	.	.	.
ARS-USMARC-PARENT-DQ500958-NO-RS	5	27825118	A	C,G,T	G/G	G/G	G/G
ARS-BFGL-NGS-107085	5	28660813	G	A,C,T	G/G	A/A	G/A
ARS-BFGL-NGS-53461	5	30659497	G	A,C,T	G/G	A/A	G/A
BTB-01495784	5	34101843	A	C,G,T	G/G	A/A	A/G
ARS-BFGL-NGS-23432	5	40112322	G	A,C,T	C/C	C/C	C/C
ARS-BFGL-NGS-30677	5	43565856	C	A,G,T	C/C	C/T	C/T
ARS-BFGL-NGS-7433	5	44885503	T	A,C,G	G/G	A/G	G/G
HAPMAP50837-BTA-98392	5	46995137	G	A,C,T	G/G	G/G	G/G
ARS-BFGL-NGS-33745	5	51064864	A	C,G,T	G/G	G/G	G/G
Conditions_PMEL-DEL_+_SNP	5	57669913	TCTTCTGGCTGTAG	-	TCTTCTGGCTGTAG/TCTTCTGGCTGTAG	TCTTCTGGCTGTAG/TCTTCTGGCTGTAG	TCTTCTGGCTGTAG/TCTTCTGGCTGTAG
ARS-USMARC-PARENT-DQ647189-RS29012226	5	63273386	G	A,C,T	G/G	G/A	G/G
BTA-73797-NO-RS	5	64190317	T	A,C,G	C/C	C/C	C/C
BTA-85566-NO-RS	5	66040455	T	A,C,G	T/T	C/C	T/C
HAPMAP59828-RS29027014	5	66830677	C	A,G,T	T/T	T/T	T/T
BTA-73768-NO-RS	5	67031023	T	A,C,G	T/C	C/C	C/C
HAPMAP40581-BTA-73771	5	67153683	A	C,G,T	A/G	G/G	G/G
ARS-BFGL-NGS-111053	5	72264603	T	A,C,G	T/T	T/C	T/T
Hapmap50084-BTA-74042	5	75417666	T	A,C,G	C/C	C/C	C/C
ARS-BFGL-NGS-72413	5	82466920	A	C,G,T	C/C	C/C	.
ARS-BFGL-NGS-103280	5	84523411	C	A,G,T	C/C	C/C	C/C
ARS-BFGL-NGS-39913	5	85535871	A	C,G,T	A/C	A/C	C/C
ARS-BFGL-NGS-15506	5	88334676	C	A,G,T	C/C	C/C	.
HAPMAP39103-BTA-111886	5	91346899	G	A,C,T	G/T	G/T	G/T
BTA-37834-NO-RS	5	93187014	G	A,C,T	T/T	T/T	T/T
HAPMAP51304-BTA-74559	5	93718582	T	A,C,G	C/C	C/C	C/C
ARS-BFGL-NGS-44153	5	97430973	G	A,C,T	A/A	A/A	A/A
ARS-USMARC-PARENT-AY844963-RS17871338	5	98102349	G	A,C,T	A/A	A/A	A/A
HAPMAP47185-BTA-114173	5	99044605	T	A,C,G	T/T	T/T	T/T
HAPMAP60420-RS29010136	5	112045991	G	A,C,T	T/T	T/T	T/T
ARS-BFGL-NGS-45453	5	112521878	G	A,C,T	C/C	C/C	C/C
ARS-USMARC-PARENT-DQ468384-RS29003967	5	113137320	T	A,C,G	G/G	.	.
ARS-BFGL-NGS-21717	5	117102295	T	A,C,G	T/T	T/T	T/T
ARS-BFGL-NGS-14632	5	118501191	C	A,G,T	C/C	C/C	C/C
ARS-USMARC-PARENT-DQ846688-RS29023691	5	119261609	G	A,C,T	G/G	A/A	G/A
ARS-BFGL-NGS-25107	5	119408760	A	C,G,T	G/G	A/G	A/G
Hapmap50460-BTA-75791	6	8478503	A	C,G,T	A/G	A/G	G/G
ARS-USMARC-PARENT-DQ647190-RS29013632	6	13897068	C	A,G,T	T/T	T/T	T/T
ARS-USMARC-PARENT-AY849381-RS29003287	6	23562312	C	A,G,T	C/C	C/C	C/C
HAPMAP43142-BTA-107561	6	29556343	C	A,G,T	C/T	C/C	C/T
HAPMAP51527-BTA-97415	6	44461834	A	C,G,T	A/A	A/A	A/A
ARS-USMARC-PARENT-DQ789028-RS29017713	6	46936182	A	C,G,T	A/G	A/A	A/G
ARS-BFGL-NGS-106015	6	61199572	A	C,G,T	G/G	A/G	A/G
Conditions_A2-A2	6	87181619	G	A,C,T	G/G	G/G	G/G
ARS-USMARC-Parent-AY849380-no-rs	6	90562665	A	C,G,T	A/G	A/A	A/A
BTB-01902778	6	114165533	A	C,G,T	A/G	A/A	A/G
ARS-BFGL-NGS-119662	6	118292328	C	A,G,T	C/T	C/T	T/T
ARS-BFGL-NGS-117421	7	4286714	C	A,G,T	C/T	C/C	C/C
ARS-USMARC-PARENT-DQ888309-RS29013741	7	8272794	C	A,G,T	C/C	C/C	C/C
HAPMAP50113-BTA-80661	7	8860921	C	A,G,T	C/C	C/C	C/C
HAPMAP43057-BTA-80741	7	13279972	T	A,C,G	C/C	C/C	C/C
ARS-BFGL-NGS-2141	7	16371434	A	C,G,T	G/G	G/G	G/G
ARS-USMARC-PARENT-DQ786758-RS29024430	7	18454636	C	A,G,T	A/A	A/A	A/A
ARS-BFGL-NGS-27577	7	26066004	G	A,C,T	G/A	G/G	G/A
ARS-BFGL-NGS-110438	7	27258897	G	A,C,T	G/A	G/G	G/A
UA-IFASA-4904	7	35153271	T	A,C,G	C/C	C/C	C/C
BTB-01172317	7	36127497	C	A,G,T	C/C	C/C	C/C
ARS-BFGL-NGS-11889	7	43292715	A	C,G,T	C/C	C/C	C/C
ARS-BFGL-NGS-109750	7	45412030	G	A,C,T	G/G	G/G	G/G
ARS-USMARC-PARENT-DQ650635-RS29012174	7	55116289	G	A,C,T	G/G	G/G	G/G
BTA-104712-NO-RS	7	57011212	T	A,C,G	G/G	G/G	G/G
BTB-01130079	7	58255324	G	A,C,T	G/G	G/G	G/G
HAPMAP30362-BTA-79378	7	59353807	T	A,C,G	C/C	C/C	C/C
BTB-00311926	7	59651740	T	A,C,G	T/T	T/T	T/T
BTB-00312091	7	63547825	T	A,C,G	T/T	T/T	T/T
ARS-BFGL-NGS-102603	7	67495781	T	A,C,G	T/G	G/G	G/G
HAPMAP33032-BTA-148803	7	68830299	G	A,C,T	G/G	G/A	G/G
ARS-BFGL-NGS-61492	7	70011889	T	A,C,G	C/C	C/C	C/C
ARS-BFGL-NGS-75852	7	71545383	T	A,C,G	T/T	T/T	T/T
BTA-113124-NO-RS	7	73290787	A	C,G,T	A/G	A/G	G/G
BTB-00327755	7	76497957	A	C,G,T	A/A	A/G	A/A
BTB-01453354	7	77038018	C	A,G,T	C/C	C/T	C/C
BTB-00320041	7	80573481	C	A,G,T	C/C	C/C	C/C
ARS-USMARC-PARENT-DQ916057-RS29009979	7	81591587	A	C,G,T	T/T	T/T	T/T
HAPMAP60017-RS29023471	7	81668727	A	C,G,T	A/A	A/A	.
HAPMAP50109-BTA-79983	7	81964652	A	C,G,T	G/G	G/G	G/G
ARS-BFGL-NGS-101456	7	82825197	T	A,C,G	T/C	T/C	T/T
BTB-01920914	7	86936090	C	A,G,T	T/T	T/T	T/T
BTA-20841-NO-RS	7	92201609	A	C,G,T	G/G	G/G	G/G
ARS-USMARC-PARENT-DQ786759-RS29026696	7	94259472	T	A,C,G	T/T	T/T	T/T
ARS-BFGL-NGS-15731	7	96936145	G	A,C,T	A/A	G/A	A/A
ARS-BFGL-NGS-72471	7	103375625	G	A,C,T	.	G/G	.
BTB-00955215	7	106043966	C	A,G,T	C/C	C/C	C/C
BTA-09064-rs29025231	7	112265796	G	A,C,T	G/G	G/T	G/T
HAPMAP57430-RS29016504	8	1154683	A	C,G,T	A/G	A/A	A/G
ARS-USMARC-PARENT-DQ916058-RS29016146	8	1554706	A	C,G,T	G/G	A/G	G/G
BTB-01276763	8	3798414	G	A,C,T	T/T	G/T	T/T
HAPMAP45337-BTA-109277	8	4955143	G	A,C,T	C/C	C/C	C/C
HAPMAP58990-RS29020862	8	9962339	T	A,C,G	T/C	C/C	T/C
BTB-00095699	8	15534805	G	A,C,T	.	.	.
ARS-BFGL-NGS-117122	8	20608192	G	A,C,T	A/A	A/A	A/A
BTA-80863-NO-RS	8	22130988	G	A,C,T	G/G	G/G	G/G
ARS-BFGL-NGS-108099	8	23116314	G	A,C,T	A/A	G/A	.
ARS-BFGL-NGS-71395	8	24707157	G	A,C,T	G/A	G/G	G/G
BTB-01109703	8	26899147	G	A,C,T	G/G	G/G	G/G
ARS-USMARC-PARENT-DQ650636-RS29024525	8	28799249	A	C,G,T	G/G	G/G	G/G
BTB-00285653	8	30036807	T	A,C,G	T/T	T/T	T/T
UA-IFASA-2534	8	45804905	G	A,C,T	G/G	G/G	G/G
ARS-BFGL-NGS-30559	8	51719716	G	A,C,T	G/G	G/G	G/G
ARS-BFGL-NGS-37680	8	55778679	C	A,G,T	C/A	C/A	C/A
HAPMAP49049-BTA-119736	8	55892688	C	A,G,T	C/T	C/T	C/T
ARS-USMARC-PARENT-AY850194-NO-RS	8	59996431	C	A,G,T	C/C	C/C	.
ARS-BFGL-NGS-44611	8	60225941	T	A,C,G	C/C	C/C	C/C
ARS-BFGL-NGS-16925	8	64476783	G	A,C,T	G/G	G/A	G/A
HAPMAP24224-BTA-93350	8	65960156	C	A,G,T	C/A	C/A	C/A
ARS-BFGL-NGS-110811	8	69343704	A	C,G,T	G/G	G/G	G/G
ARS-BFGL-NGS-108549	8	82311830	A	C,G,T	G/G	A/G	A/G
ARS-USMARC-PARENT-DQ837644-RS29010468	8	88974063	T	A,C,G	T/T	T/G	T/G
BTA-101724-NO-RS	8	93896073	G	A,C,T	A/A	A/A	A/A
ARS-BFGL-NGS-28141	8	97241486	T	A,C,G	C/C	T/C	C/C
HAPMAP58894-RS29013940	8	99957737	C	A,G,T	C/C	C/C	C/C
ARS-BFGL-NGS-111788	8	101231366	C	A,G,T	C/G	C/C	C/C
HAPMAP55441-RS29010990	8	103137122	C	A,G,T	C/C	C/C	C/C
UA-IFASA-6154	8	104158107	G	A,C,T	G/G	G/G	G/G
HAPMAP39690-BTA-82650	8	104829510	A	C,G,T	A/A	A/C	A/A
ARS-USMARC-PARENT-DQ674265-RS29011266	8	106174871	T	A,C,G	C/C	T/C	C/C
BTB-01944037	8	108772548	T	A,C,G	C/C	C/C	C/C
HAPMAP49333-BTA-82773	8	109321402	G	A,C,T	G/A	A/A	G/A
BTB-00431734	8	110042671	T	A,C,G	T/T	T/C	T/T
ARS-BFGL-NGS-92824	8	111713971	C	A,G,T	C/C	.	C/C
ARS-BFGL-NGS-106379	8	113159018	G	A,C,T	G/G	G/G	G/G
ARS-BFGL-NGS-26056	9	3651455	T	A,C,G	C/C	C/C	C/C
ARS-BFGL-NGS-14740	9	14436985	T	A,C,G	T/C	T/C	T/C
ARS-BFGL-NGS-93119	9	28149131	A	C,G,T	A/G	A/G	G/G
ARS-USMARC-Parent-DQ846689-rs29011985	9	45729853	A	C,G,T	G/G	G/G	G/G
ARS-BFGL-NGS-31640	9	52430564	C	A,G,T	C/T	T/T	C/T
BTB-00394801	9	59383405	A	C,G,T	A/C	A/A	A/A
HAPMAP54313-RS29012632	9	83320792	C	A,G,T	C/T	T/T	C/T
ARS-BFGL-NGS-3465	9	87606681	G	A,C,T	G/A	G/G	G/G
ARS-USMARC-PARENT-DQ786765-RS29009858	9	98483346	A	C,G,T	A/C	A/C	A/C
ARS-USMARC-PARENT-DQ786766-RS29012070	10	3530271	G	A,C,T	G/A	G/A	A/A
Hapmap25493-BTA-109827	10	4383927	T	A,C,G	C/C	T/C	T/C
ARS-BFGL-NGS-35455	10	10795992	T	A,C,G	C/C	C/C	C/C
ARS-BFGL-NGS-70946	10	14574453	T	A,C,G	T/T	.	.
ARS-USMARC-PARENT-DQ786761-RS29012840	10	44103665	C	A,G,T	C/C	.	.
BTB-00420215	10	44920804	A	C,G,T	A/A	C/C	A/C
ARS-USMARC-PARENT-DQ984827-RS29012019	10	55611885	G	A,C,T	A/A	G/G	G/A
ARS-BFGL-NGS-31807	10	61684704	A	C,G,T	A/A	G/G	A/G
ARS-USMARC-PARENT-DQ786762-RS29010772	10	81572252	G	A,C,T	G/T	G/G	G/T
ARS-BFGL-NGS-111114	10	84446642	G	A,C,T	G/T	G/T	T/T
ARS-USMARC-PARENT-DQ984825-RS29012457	10	98230479	G	A,C,T	G/A	G/G	G/A
ARS-USMARC-Parent-DQ837646-rs29012894	11	1703612	T	A,C,G	C/C	C/C	C/C
HAPMAP22963-BTA-91941	11	1806374	T	A,C,G	T/G	T/G	T/G
ARS-BFGL-NGS-68030	11	1901787	T	A,C,G	C/C	T/C	T/C
ARS-BFGL-NGS-68850	11	5252617	T	A,C,G	C/C	C/C	C/C
ARS-BFGL-NGS-41117	11	6724678	C	A,G,T	C/T	C/C	C/T
BTA-92021-NO-RS	11	9385008	T	A,C,G	T/A	T/G	T/A
BTB-00458773	11	10753131	T	A,C,G	G/G	G/G	G/G
ARS-BFGL-BAC-14220	11	13914771	G	A,C,T	G/G	G/A	G/G
BTA-88608-no-rs	11	24317047	T	A,C,G	C/C	T/C	C/C
ARS-USMARC-PARENT-DQ837645-RS29015870	11	24553007	T	A,C,G	C/C	.	C/C
ARS-BFGL-NGS-10436	11	26982927	G	A,C,T	G/G	G/G	G/G
BTA-99659-NO-RS	11	30945111	A	C,G,T	A/A	A/A	A/A
ARS-BFGL-NGS-117672	11	31332721	G	A,C,T	G/G	G/G	.
BTB-01397485	11	33236456	C	A,G,T	C/C	C/C	C/C
BTB-01426876	11	34482175	A	C,G,T	G/G	A/G	A/G
HAPMAP40148-BTA-92999	11	36713471	T	A,C,G	T/T	T/G	T/G
ARS-BFGL-NGS-66512	11	36983331	A	C,G,T	A/G	A/G	A/G
HAPMAP33373-BTA-148341	11	39437937	A	C,G,T	G/G	G/G	G/G
ARS-BFGL-NGS-24591	11	42330073	T	A,C,G	T/C	C/C	C/C
HAPMAP43815-BTA-23051	11	44583035	T	A,C,G	C/C	C/C	C/C
ARS-BFGL-NGS-111691	11	44844492	A	C,G,T	C/C	C/C	C/C
ARS-USMARC-PARENT-AY851162-NO-RS	11	46411100	T	A,C,G	C/C	C/C	C/C
BTB-00474688	11	50431031	A	C,G,T	A/G	G/G	G/G
HAPMAP48543-BTA-98093	11	59319163	T	A,C,G	T/T	T/T	T/T
BTA-11701-RS29017459	11	61989432	A	C,G,T	A/G	A/A	A/A
ARS-BFGL-NGS-76191	11	62732451	T	A,C,G	T/T	T/C	T/T
ARS-BFGL-NGS-114087	11	64057850	A	C,G,T	A/A	A/A	A/A
ARS-USMARC-PARENT-DQ837643-RS29018818	11	66341589	A	C,G,T	G/G	G/G	G/G
ARS-BFGL-NGS-117322	11	77884744	G	A,C,T	G/A	A/A	G/A
Hapmap41140-BTA-107332	11	78545016	C	A,G,T	T/T	T/T	T/T
ARS-BFGL-NGS-5662	11	83028893	G	A,C,T	A/A	A/A	A/A
ARS-BFGL-NGS-109752	11	95322986	C	A,G,T	A/A	C/A	A/A
ARS-BFGL-NGS-42283	11	95543411	G	A,C,T	G/A	G/A	G/G
ARS-BFGL-NGS-116589	11	100901534	G	A,C,T	A/A	A/A	A/A
ARS-BFGL-NGS-28681	11	101522062	A	C,G,T	G/G	G/G	G/G
ARS-BFGL-NGS-112130	11	102548124	G	A,C,T	G/G	G/G	G/G
ARS-USMARC-PARENT-AY851163-RS17871661	11	103047474	T	A,C,G	C/C	C/C	C/C
Hapmap48641-BTA-119400	12	10996119	A	C,G,T	A/A	A/A	A/A
ARS-USMARC-PARENT-DQ786763-RS29020472	12	11824653	T	A,C,G	A/A	T/A	T/A
ARS-USMARC-PARENT-DQ786764-NO-RS	12	25668974	T	A,C,G	T/G	T/G	T/G
BTA-23867-no-rs	12	50865733	C	A,G,T	C/C	C/T	C/T
BTB-01980499	12	61345454	A	C,G,T	A/A	.	.
ARS-BFGL-NGS-112325	12	79643103	T	A,C,G	T/C	C/C	C/C
BTA-30857-NO-RS	12	80058952	C	A,G,T	C/C	C/C	C/C
ARS-USMARC-Parent-DQ832700-rs29012872	12	80629629	C	A,G,T	C/C	C/C	C/C
BTB-01141508	13	679009	T	A,C,G	T/G	T/G	T/G
Hapmap48136-BTA-96744	13	719908	C	A,G,T	T/T	T/T	T/T
BTB-01141770	13	777430	T	A,C,G	C/C	C/C	C/C
ARS-USMARC-PARENT-EF026087-RS29011643	13	1982209	T	A,C,G	C/C	C/C	C/C
ARS-BFGL-BAC-11276	13	2153905	A	C,G,T	.	.	.
ARS-BFGL-NGS-103379	13	3764223	A	C,G,T	A/A	A/A	A/A
ARS-BFGL-NGS-84327	13	5774000	C	A,G,T	C/C	C/C	C/C
HAPMAP57586-RS29015232	13	6396120	C	A,G,T	C/C	C/C	C/C
BTB-01124378	13	6600008	C	A,G,T	C/C	C/C	C/C
HAPMAP54459-RS29016219	13	12436043	G	A,C,T	A/A	A/A	A/A
ARS-BFGL-NGS-92946	13	16399441	A	C,G,T	A/A	A/G	A/A
ARS-BFGL-NGS-11585	13	17407043	G	A,C,T	T/T	G/G	G/T
HAPMAP50266-BTA-13664	13	18536707	T	A,C,G	T/T	T/T	T/T
HAPMAP26649-BTA-128159	13	19734286	C	A,G,T	C/T	C/C	C/C
ARS-BFGL-NGS-81428	13	20735468	G	A,C,T	G/A	G/G	G/G
ARS-USMARC-PARENT-EF034081-RS29009668	13	25606469	A	C,G,T	T/T	T/T	T/T
Hapmap39398-BTA-31996	13	26708860	C	A,G,T	C/C	A/A	C/A
ARS-BFGL-NGS-108308	13	28999095	G	A,C,T	T/T	G/T	.
ARS-BFGL-NGS-111777	13	35029615	A	C,G,T	G/G	G/G	G/G
HAPMAP59420-SS46527113	13	35533998	G	A,C,T	G/G	G/G	G/G
ARS-BFGL-NGS-36852	13	37210394	T	A,C,G	T/T	T/C	T/C
ARS-BFGL-NGS-28202	13	38359460	G	A,C,T	G/G	A/A	G/A
ARS-BFGL-NGS-29144	13	40606621	C	A,G,T	C/C	C/C	C/C
HAPMAP23870-BTA-128381	13	43427963	C	A,G,T	C/A	C/A	C/C
ARS-BFGL-NGS-55042	13	45510831	T	A,C,G	T/T	T/T	T/T
ARS-USMARC-PARENT-AY853302-NO-RS	13	47397987	G	A,C,T	A/A	A/A	A/A
BTA-92697-no-rs	13	50910557	A	C,G,T	A/A	A/A	A/A
BTB-01656080	13	51621880	T	A,C,G	T/C	T/C	.
ARS-BFGL-NGS-22052	13	61559991	T	A,C,G	T/C	T/C	T/T
ARS-BFGL-NGS-112094	13	69187742	T	A,C,G	T/T	T/T	T/T
ARS-BFGL-NGS-118453	13	74179277	A	C,G,T	A/G	.	.
ARS-BFGL-NGS-112625	13	74579327	T	A,C,G	C/C	C/C	C/C
ARS-USMARC-PARENT-AY853303-NO-RS	13	75383374	A	C,G,T	G/G	G/G	G/G
ARS-BFGL-NGS-36793	13	80239131	A	C,G,T	A/G	A/G	.
HAPMAP43792-BTA-122725	13	83437845	G	A,C,T	G/G	G/A	G/A
BTA-102818-NO-RS	13	83632355	C	A,G,T	A/A	.	C/A
ARS-USMARC-PARENT-DQ846690-NO-RS	14	10171919	A	C,G,T	G/G	G/G	G/G
ARS-USMARC-PARENT-DQ984826-RS29027559	14	27751888	A	C,G,T	T/T	A/T	T/T
ARS-USMARC-PARENT-DQ846691-RS29019814	14	48380429	T	A,C,G	T/T	T/T	T/T
ARS-BFGL-NGS-42505	14	62478242	C	A,G,T	C/T	C/C	C/C
ARS-BFGL-NGS-103346	14	68578968	G	A,C,T	A/A	G/G	G/A
ARS-USMARC-PARENT-DQ846692-RS29010281	14	80082923	T	A,C,G	C/C	C/C	C/C
BTB-01912619	15	20712027	A	C,G,T	G/G	G/G	G/G
ARS-USMARC-PARENT-EF042090-NO-RS	15	21207529	C	A,G,T	C/C	C/C	C/C
ARS-BFGL-NGS-12610	15	27822630	C	A,G,T	C/C	C/C	C/C
ARS-BFGL-NGS-115514	15	38003134	T	A,C,G	T/C	C/C	T/C
ARS-USMARC-PARENT-DQ866817-NO-RS	15	38078775	G	A,C,T	A/A	G/G	G/A
BTB-01371672	15	50566485	A	C,G,T	A/G	A/G	A/A
BTA-37062-NO-RS	15	51528617	T	A,C,G	T/G	T/G	T/T
Hapmap32097-BTA-150519	15	56302387	T	A,C,G	T/C	C/C	T/C
ARS-BFGL-NGS-55943	15	64628706	T	A,C,G	C/C	.	C/C
ARS-USMARC-PARENT-DQ866818-RS29011701	15	79187295	C	A,G,T	C/C	C/A	C/C
ARS-USMARC-PARENT-DQ846693-RS29017621	16	9855276	T	A,C,G	T/C	T/C	C/C
ARS-BFGL-NGS-117319	16	12238539	T	A,C,G	T/C	T/C	C/C
ARS-BFGL-BAC-19454	16	13695211	C	A,G,T	T/T	T/T	T/T
HAPMAP40729-BTA-40319	16	19882683	T	A,C,G	T/C	T/C	T/T
HAPMAP47281-BTA-40051	16	72931875	A	C,G,T	A/A	A/G	A/A
ARS-USMARC-Parent-DQ846695-no-rs	16	80747557	T	A,C,G	C/C	C/C	C/C
ARS-USMARC-PARENT-DQ888310-RS29012422	17	887216	T	A,C,G	.	.	.
ARS-BFGL-NGS-118319	17	9279323	G	A,C,T	T/T	T/T	.
ARS-BFGL-NGS-11383	17	12891997	A	C,G,T	G/G	G/G	G/G
ARS-USMARC-PARENT-DQ381152-RS29002408	17	17616950	T	A,C,G	A/A	A/A	.
ARS-USMARC-PARENT-AY858890-RS29002256	17	29936157	C	A,G,T	G/G	C/G	.
ARS-USMARC-569	17	30360942	C	A,G,T	C/C	T/T	.
BTB-01715543	17	45185286	C	A,G,T	C/C	C/C	C/C
ARS-BFGL-NGS-99210	17	52740918	T	A,C,G	C/C	C/C	C/C
ARS-USMARC-PARENT-AY860426-NO-RS	17	56512519	G	A,C,T	G/T	T/T	T/T
HAPMAP51227-BTA-41809	17	67216420	C	A,G,T	C/C	C/T	C/T
BTB-00689316	17	71925055	A	C,G,T	G/G	G/G	G/G
ARS-USMARC-PARENT-EF028073-RS29014953	18	1839733	C	A,G,T	C/T	.	.
HAPMAP54020-RS29023153	18	6776532	T	A,C,G	T/T	T/C	T/C
Conditions_Black-red	18	14757910	T	A,C,G	T/T	T/T	T/T
ARS-USMARC-PARENT-DQ916059-RS29009907	18	23426214	C	A,G,T	C/T	C/C	C/C
ARS-BFGL-NGS-118340	18	26844474	A	C,G,T	A/C	A/C	A/C
Hapmap47949-BTA-43407	18	44524702	T	A,C,G	C/C	C/C	C/C
ARS-USMARC-PARENT-AY863214-RS17871744	18	46647177	T	A,C,G	C/C	C/C	C/C
ARS-USMARC-PARENT-AY914316-RS17871403	18	48812014	A	C,G,T	A/A	A/A	A/C
ARS-BFGL-NGS-37708	18	49928003	T	A,C,G	C/C	C/C	C/C
ARS-BFGL-NGS-38620	18	64382705	C	A,G,T	C/T	C/C	C/C
Hapmap39390-BTA-22146	19	4509536	C	A,G,T	A/A	A/A	A/A
HAPMAP50598-BTA-122724	19	4670556	T	A,C,G	T/T	T/T	T/T
BTB-00736933	19	8280552	A	C,G,T	A/A	A/A	A/A
ARS-USMARC-PARENT-DQ888311-RS29017313	19	8505317	G	A,C,T	G/T	G/T	G/G
ARS-BFGL-NGS-33000	19	10542886	A	C,G,T	A/A	A/A	A/A
HAPMAP26973-BTA-147422	19	12340926	T	A,C,G	T/T	T/T	T/T
ARS-USMARC-PARENT-EF026084-RS29025380	19	15345312	A	C,G,T	A/A	A/A	A/A
ARS-BFGL-NGS-36513	19	17236707	T	A,C,G	T/T	T/T	T/T
ARS-BFGL-NGS-42338	19	17326249	C	A,G,T	C/C	C/C	C/C
UA-IFASA-7987	19	18799689	A	C,G,T	A/A	A/A	A/A
HAPMAP40170-BTA-20573	19	19175183	A	C,G,T	C/C	C/C	C/C
BTA-118486-NO-RS	19	21716537	T	A,C,G	T/T	T/T	.
ARS-BFGL-NGS-32769	19	22346456	G	A,C,T	G/A	.	G/G
HAPMAP57648-RS29022376	19	22709090	G	A,C,T	G/A	G/G	G/G
HAPMAP58587-SS46526997	19	24972085	G	A,C,T	A/A	A/A	A/A
HAPMAP46758-BTA-108921	19	26182297	A	C,G,T	A/G	A/G	A/A
ARS-BFGL-NGS-6269	19	29411883	G	A,C,T	G/G	G/G	G/G
ARS-BFGL-NGS-1097	19	34836416	C	A,G,T	C/C	C/C	C/C
ARS-USMARC-Parent-DQ888312-rs29015945	19	36437188	G	A,C,T	A/A	A/A	A/A
ARS-BFGL-NGS-57711	19	40692429	T	A,C,G	T/C	C/C	T/C
ARS-BFGL-NGS-28504	19	44403315	C	A,G,T	T/T	T/T	T/T
ARS-USMARC-PARENT-AY916666-NO-RS	19	44799390	C	A,G,T	C/C	T/T	C/T
ARS-BFGL-NGS-114067	19	46117735	T	A,C,G	T/T	T/T	T/T
UA-IFASA-8658	19	47415500	G	A,C,T	G/G	G/G	G/G
ARS-BFGL-NGS-73980	19	51419352	A	C,G,T	A/A	A/A	A/A
HAPMAP42556-BTA-45815	19	51445450	C	A,G,T	C/C	C/C	C/C
BTB-01416427	19	52911677	A	C,G,T	G/G	A/A	.
Conditions_E7_Pompes_1057_BR	19	53109434	A	C,G,T	A/A	A/A	A/A
ARS-BFGL-NGS-103691	19	53473744	C	A,G,T	T/T	T/T	T/T
ARS-BFGL-NGS-12595	19	55101341	A	C,G,T	G/G	A/G	A/G
ARS-USMARC-PARENT-EF164803-RS29011141	19	55174260	T	A,C,G	C/C	C/C	C/C
ARS-BFGL-NGS-16504	19	55967853	G	A,C,T	G/G	G/G	G/G
ARS-BFGL-NGS-112392	19	56341205	A	C,G,T	A/C	A/C	A/A
ARS-BFGL-NGS-64451	19	60407194	G	A,C,T	G/A	.	.
ARS-BFGL-NGS-45547	19	62478817	A	C,G,T	A/G	G/G	A/G
ARS-BFGL-NGS-32846	19	63560230	G	A,C,T	G/G	G/G	G/G
Hapmap40826-BTA-87264	20	496304	G	A,C,T	A/A	A/A	A/A
HAPMAP36588-SCAFFOLD90561_9460	20	2289049	A	C,G,T	A/G	A/G	A/A
ARS-USMARC-PARENT-DQ888313-NO-RS	20	17837675	A	C,G,T	A/A	A/A	A/A
HAPMAP46550-BTA-103548	20	30928803	T	A,C,G	T/A	A/A	A/A
ARS-USMARC-Parent-DQ990835-rs29012811	20	36570529	C	A,G,T	G/G	G/G	G/G
BTB-01565998	20	37915840	G	A,C,T	G/A	G/A	G/G
ARS-USMARC-PARENT-AY919868-RS29002211	20	46066109	C	A,G,T	T/T	T/T	T/T
BTB-00041743	20	46735404	T	A,C,G	C/C	C/C	C/C
Hapmap32669-BTA-50759	20	50999239	T	A,C,G	T/T	T/T	T/T
ARS-BFGL-NGS-96125	20	58449212	C	A,G,T	C/C	C/C	C/C
HAPMAP52072-RS29018920	21	2333804	A	C,G,T	A/C	A/C	C/C
ARS-BFGL-NGS-104603	21	2918184	A	C,G,T	A/G	A/A	A/A
ARS-USMARC-PARENT-DQ995976-NO-RS	21	3088886	A	C,G,T	A/A	A/A	A/A
ARS-BFGL-NGS-44686	21	9190518	A	C,G,T	G/G	G/G	G/G
ARS-BFGL-NGS-16249	21	10944434	C	A,G,T	T/T	T/T	T/T
ARS-BFGL-NGS-109907	21	12539191	A	C,G,T	A/G	A/G	A/A
HAPMAP57137-RS29011525	21	18454966	G	A,C,T	G/A	A/A	.
BTB-00806621	21	18912588	A	C,G,T	A/A	A/A	A/A
ARS-BFGL-NGS-111076	21	21220448	C	A,G,T	C/C	C/C	C/C
ARS-BFGL-NGS-8229	21	22156279	T	A,C,G	T/T	T/T	T/T
HAPMAP53212-RS29015272	21	25704052	T	A,C,G	T/T	T/T	T/T
ARS-USMARC-PARENT-EF093511-RS29012316	21	26620013	G	A,C,T	G/G	G/G	G/G
HAPMAP39461-BTA-109898	21	27927781	G	A,C,T	T/T	T/T	T/T
ARS-BFGL-NGS-13360	21	30118274	T	A,C,G	C/C	T/T	T/C
ARS-BFGL-NGS-117619	21	31035761	A	C,G,T	A/A	A/G	A/A
HAPMAP38899-BTA-52139	21	36492508	A	C,G,T	A/A	A/C	A/C
BTB-01303828	21	37143433	G	A,C,T	G/A	A/A	.
BTB-00818821	21	40408803	A	C,G,T	A/G	G/G	G/G
ARS-BFGL-NGS-23813	21	42540260	A	C,G,T	A/A	A/A	A/A
ARS-BFGL-NGS-22685	21	46877052	T	A,C,G	C/C	T/C	C/C
ARS-BFGL-NGS-19437	21	47400719	C	A,G,T	C/T	C/T	C/T
BTB-01375460	21	51325226	A	C,G,T	A/G	G/G	A/G
ARS-BFGL-NGS-26517	21	52139183	A	C,G,T	A/A	G/G	A/A
HAPMAP26512-BTA-52638	21	55483469	G	A,C,T	G/A	G/G	G/G
HAPMAP31098-BTA-136127	21	62028408	A	C,G,T	A/A	A/G	A/G
ARS-BFGL-NGS-115598	21	62709685	T	A,C,G	C/C	.	.
ARS-BFGL-NGS-25959	21	64354251	G	A,C,T	G/G	G/G	G/G
ARS-USMARC-PARENT-EF026085-RS29021607	21	65198296	G	A,C,T	G/G	G/G	G/G
Hapmap35472-SCAFFOLD35342_21388	21	66107076	C	A,G,T	C/T	C/C	C/C
ARS-BFGL-NGS-115346	21	67515244	A	C,G,T	G/G	G/G	G/G
ARS-BFGL-NGS-37484	21	68683196	A	C,G,T	A/A	A/A	A/A
ARS-BFGL-NGS-114538	21	70521657	A	C,G,T	A/G	.	.
ARS-BFGL-NGS-2644	21	70608408	T	A,C,G	C/C	C/C	.
ARS-USMARC-PARENT-DQ990832-RS29015065	22	11038205	G	A,C,T	G/G	G/G	G/G
ARS-BFGL-NGS-24419	22	11756783	C	A,G,T	C/C	T/T	C/T
UA-IFASA-6532	22	21770149	C	A,G,T	C/C	C/T	C/C
ARS-USMARC-PARENT-EF093509-RS29015170	22	22573121	T	A,C,G	T/A	A/A	T/A
BTA-100621-NO-RS	22	25598780	A	C,G,T	A/G	G/G	G/G
HAPMAP43953-BTA-83292	22	54103673	A	C,G,T	A/G	A/G	A/G
ARS-USMARC-PARENT-EF034082-RS29013532	22	56526462	C	A,G,T	C/C	.	.
ARS-BFGL-NGS-119059	22	58748602	A	C,G,T	G/G	.	G/G
ARS-USMARC-PARENT-AY929334-NO-RS	23	7219975	A	C,G,T	G/G	G/G	G/G
ARS-USMARC-PARENT-AY937242-RS17872223	23	27306795	A	C,G,T	A/G	A/G	G/G
HAPMAP35535-SCAFFOLD86180_8791	23	41700829	A	C,G,T	A/A	A/A	A/A
Hapmap23842-BTA-56935	23	47219946	T	A,C,G	G/G	.	.
ARS-USMARC-PARENT-EF089234-RS29020870	23	50884052	A	C,G,T	A/A	A/A	A/A
ARS-BFGL-NGS-31568	23	51795496	A	C,G,T	G/G	.	G/G
ARS-USMARC-PARENT-DQ995977-RS29020834	24	1854953	G	A,C,T	G/G	G/A	G/G
HAPMAP34424-BES10_CONTIG566_926	24	6408329	C	A,G,T	C/T	C/T	C/T
ARS-BFGL-NGS-2592	24	12775555	G	A,C,T	A/A	G/A	G/A
ARS-USMARC-PARENT-DQ990833-RS29010147	24	15447771	A	C,G,T	G/G	G/G	G/G
ARS-BFGL-NGS-85334	24	54964769	A	C,G,T	G/G	G/G	G/G
ARS-USMARC-PARENT-AY939849-RS17870274	24	56415794	T	A,C,G	C/C	C/C	C/C
ARS-USMARC-PARENT-EF034083-RS29018286	25	3126438	A	C,G,T	A/C	A/A	A/C
ARS-USMARC-PARENT-AY941204-RS17872131	25	14683151	C	A,G,T	C/T	T/T	C/T
ARS-BFGL-NGS-114006	25	20114319	C	A,G,T	C/C	C/C	C/C
ARS-BFGL-NGS-16739	25	20723432	A	C,G,T	G/G	G/G	G/G
HAPMAP41591-BTA-59790	25	27912102	C	A,G,T	C/C	C/C	C/C
ARS-USMARC-Parent-AY942198-rs29003010	25	40851475	A	C,G,T	G/G	G/G	G/G
ARS-USMARC-PARENT-DQ990834-RS29013727	26	8221270	T	A,C,G	C/C	C/C	C/C
ARS-USMARC-PARENT-EF150946-RS29023666	26	13229219	G	A,C,T	A/A	A/A	A/A
ARS-BFGL-NGS-35579	26	26058953	C	A,G,T	C/C	C/C	C/C
ARS-BFGL-NGS-43058	26	37466186	C	A,G,T	C/T	C/C	C/C
ARS-USMARC-PARENT-EF034086-NO-RS	26	38233337	C	A,G,T	C/C	C/C	C/C
ARS-BFGL-NGS-10035	26	39952154	G	A,C,T	G/G	G/A	G/A
HAPMAP24215-BTA-163266	27	10764825	G	A,C,T	G/G	G/T	G/G
ARS-BFGL-NGS-102169	27	12930436	A	C,G,T	C/C	A/C	C/C
ARS-USMARC-PARENT-EF093512-RS29013546	27	15141319	C	A,G,T	G/G	C/G	G/G
ARS-USMARC-PARENT-EF034084-RS29016185	27	21480570	C	A,G,T	G/G	G/G	G/G
ARS-USMARC-PARENT-EF141102-RS29015783	27	37513923	T	A,C,G	C/C	C/C	C/C
HAPMAP51908-BTA-63031	27	41049981	T	A,C,G	T/T	T/C	.
Hapmap42117-BTA-15977	27	44629833	C	A,G,T	C/C	.	C/C
ARS-USMARC-PARENT-EF034085-RS29025677	28	5913226	A	C,G,T	A/G	A/A	A/G
Hapmap43150-BTA-110538	28	6732947	A	C,G,T	G/G	A/G	G/G
ARS-USMARC-PARENT-EF034087-NO-RS	28	16097749	C	A,G,T	C/C	C/C	C/C
HAPMAP52240-RS29013844	28	20453054	G	A,C,T	G/G	T/T	G/T
ARS-BFGL-NGS-76330	28	33449126	G	A,C,T	A/A	A/A	A/A
ARS-USMARC-PARENT-EF026086-RS29013660	28	35331560	T	A,C,G	C/C	C/C	C/C
ARS-USMARC-PARENT-EF042091-RS29014974	28	44261945	C	A,G,T	C/C	C/C	C/C
ARS-BFGL-NGS-56314	29	4944723	C	A,G,T	C/T	C/T	C/T
ARS-USMARC-PARENT-AY856094-RS17871190	29	9160939	G	A,C,T	A/A	A/A	A/A
ARS-USMARC-PARENT-EF034080-RS29024749	29	28647816	T	A,C,G	C/C	T/C	T/C
UA-IFASA-5034	29	29052623	T	A,C,G	T/T	T/T	.
ARS-BFGL-NGS-90760	29	40153672	C	A,G,T	C/T	T/T	T/T
ARS-USMARC-PARENT-DQ404153-NO-RS	29	44756502	A	C,G,T	G/G	G/G	G/G
